기간,국가,HS코드,품목명,수출 중량,수출 금액,수입 중량,수입 금액,무역수지
"총계","","","",186748029,48342853,138899597,45779380,2563472
"2023-01","대만","8541","반도체 디바이스(예: 다이오드ㆍ트랜지스터ㆍ반도체 기반 트랜스듀서), 감광성 반도체 디바이스(광전지는 모듈에 조립되었거나 패널로 구성되었는지 여부와 관계없이 포함한다), 발광다이오드[(엘이디), 다른 발광다이오드와 결합되었는지 여부과 관계없이 포함한다], 장착된 압전기 결정소자",9999,3281,39606,47026,-43745
"2023-01","대만","8542","전자집적회로",170097,472923,137577,1173627,-700704
"2023-01","러시아 연방","8541","반도체 디바이스(예: 다이오드ㆍ트랜지스터ㆍ반도체 기반 트랜스듀서), 감광성 반도체 디바이스(광전지는 모듈에 조립되었거나 패널로 구성되었는지 여부와 관계없이 포함한다), 발광다이오드[(엘이디), 다른 발광다이오드와 결합되었는지 여부과 관계없이 포함한다], 장착된 압전기 결정소자",87,140,266,135,4
"2023-01","러시아 연방","8542","전자집적회로",15,58,0,0,58
"2023-01","미국","8541","반도체 디바이스(예: 다이오드ㆍ트랜지스터ㆍ반도체 기반 트랜스듀서), 감광성 반도체 디바이스(광전지는 모듈에 조립되었거나 패널로 구성되었는지 여부와 관계없이 포함한다), 발광다이오드[(엘이디), 다른 발광다이오드와 결합되었는지 여부과 관계없이 포함한다], 장착된 압전기 결정소자",21116075,152114,3467,13053,139061
"2023-01","미국","8542","전자집적회로",17053,58931,13315,177809,-118878
"2023-01","인도","8541","반도체 디바이스(예: 다이오드ㆍ트랜지스터ㆍ반도체 기반 트랜스듀서), 감광성 반도체 디바이스(광전지는 모듈에 조립되었거나 패널로 구성되었는지 여부와 관계없이 포함한다), 발광다이오드[(엘이디), 다른 발광다이오드와 결합되었는지 여부과 관계없이 포함한다], 장착된 압전기 결정소자",18061,3297,423,391,2906
"2023-01","인도","8542","전자집적회로",19723,123694,453,1704,121990
"2023-01","일본","8541","반도체 디바이스(예: 다이오드ㆍ트랜지스터ㆍ반도체 기반 트랜스듀서), 감광성 반도체 디바이스(광전지는 모듈에 조립되었거나 패널로 구성되었는지 여부와 관계없이 포함한다), 발광다이오드[(엘이디), 다른 발광다이오드와 결합되었는지 여부과 관계없이 포함한다], 장착된 압전기 결정소자",66502,11692,48921,125621,-113928
"2023-01","일본","8542","전자집적회로",18251,49499,38189,631499,-582000
"2023-01","중국","8541","반도체 디바이스(예: 다이오드ㆍ트랜지스터ㆍ반도체 기반 트랜스듀서), 감광성 반도체 디바이스(광전지는 모듈에 조립되었거나 패널로 구성되었는지 여부와 관계없이 포함한다), 발광다이오드[(엘이디), 다른 발광다이오드와 결합되었는지 여부과 관계없이 포함한다], 장착된 압전기 결정소자",248011,67228,12291556,161861,-94633
"2023-01","중국","8542","전자집적회로",370019,2349133,241558,1462155,886978
"2023-02","대만","8541","반도체 디바이스(예: 다이오드ㆍ트랜지스터ㆍ반도체 기반 트랜스듀서), 감광성 반도체 디바이스(광전지는 모듈에 조립되었거나 패널로 구성되었는지 여부와 관계없이 포함한다), 발광다이오드[(엘이디), 다른 발광다이오드와 결합되었는지 여부과 관계없이 포함한다], 장착된 압전기 결정소자",7922,4124,43519,39388,-35264
"2023-02","대만","8542","전자집적회로",151957,492461,135100,1357492,-865031
"2023-02","러시아 연방","8541","반도체 디바이스(예: 다이오드ㆍ트랜지스터ㆍ반도체 기반 트랜스듀서), 감광성 반도체 디바이스(광전지는 모듈에 조립되었거나 패널로 구성되었는지 여부와 관계없이 포함한다), 발광다이오드[(엘이디), 다른 발광다이오드와 결합되었는지 여부과 관계없이 포함한다], 장착된 압전기 결정소자",192,61,872,95,-34
"2023-02","러시아 연방","8542","전자집적회로",966,245,0,0,245
"2023-02","미국","8541","반도체 디바이스(예: 다이오드ㆍ트랜지스터ㆍ반도체 기반 트랜스듀서), 감광성 반도체 디바이스(광전지는 모듈에 조립되었거나 패널로 구성되었는지 여부와 관계없이 포함한다), 발광다이오드[(엘이디), 다른 발광다이오드와 결합되었는지 여부과 관계없이 포함한다], 장착된 압전기 결정소자",20085654,142536,2202,9372,133163
"2023-02","미국","8542","전자집적회로",20582,53453,13052,175838,-122385
"2023-02","인도","8541","반도체 디바이스(예: 다이오드ㆍ트랜지스터ㆍ반도체 기반 트랜스듀서), 감광성 반도체 디바이스(광전지는 모듈에 조립되었거나 패널로 구성되었는지 여부와 관계없이 포함한다), 발광다이오드[(엘이디), 다른 발광다이오드와 결합되었는지 여부과 관계없이 포함한다], 장착된 압전기 결정소자",17098,3438,575,328,3111
"2023-02","인도","8542","전자집적회로",22962,143319,1163,523,142795
"2023-02","일본","8541","반도체 디바이스(예: 다이오드ㆍ트랜지스터ㆍ반도체 기반 트랜스듀서), 감광성 반도체 디바이스(광전지는 모듈에 조립되었거나 패널로 구성되었는지 여부와 관계없이 포함한다), 발광다이오드[(엘이디), 다른 발광다이오드와 결합되었는지 여부과 관계없이 포함한다], 장착된 압전기 결정소자",46685,10540,91593,110506,-99966
"2023-02","일본","8542","전자집적회로",20991,81394,36750,368116,-286722
"2023-02","중국","8541","반도체 디바이스(예: 다이오드ㆍ트랜지스터ㆍ반도체 기반 트랜스듀서), 감광성 반도체 디바이스(광전지는 모듈에 조립되었거나 패널로 구성되었는지 여부와 관계없이 포함한다), 발광다이오드[(엘이디), 다른 발광다이오드와 결합되었는지 여부과 관계없이 포함한다], 장착된 압전기 결정소자",237158,76309,4676527,124204,-47895
"2023-02","중국","8542","전자집적회로",333208,2391440,242581,1466563,924878
"2023-03","대만","8541","반도체 디바이스(예: 다이오드ㆍ트랜지스터ㆍ반도체 기반 트랜스듀서), 감광성 반도체 디바이스(광전지는 모듈에 조립되었거나 패널로 구성되었는지 여부와 관계없이 포함한다), 발광다이오드[(엘이디), 다른 발광다이오드와 결합되었는지 여부과 관계없이 포함한다], 장착된 압전기 결정소자",8248,4963,64091,43141,-38177
"2023-03","대만","8542","전자집적회로",176327,683391,162108,1804749,-1121358
"2023-03","러시아 연방","8541","반도체 디바이스(예: 다이오드ㆍ트랜지스터ㆍ반도체 기반 트랜스듀서), 감광성 반도체 디바이스(광전지는 모듈에 조립되었거나 패널로 구성되었는지 여부와 관계없이 포함한다), 발광다이오드[(엘이디), 다른 발광다이오드와 결합되었는지 여부과 관계없이 포함한다], 장착된 압전기 결정소자",267,127,22,20,107
"2023-03","러시아 연방","8542","전자집적회로",1000,280,0,0,280
"2023-03","미국","8541","반도체 디바이스(예: 다이오드ㆍ트랜지스터ㆍ반도체 기반 트랜스듀서), 감광성 반도체 디바이스(광전지는 모듈에 조립되었거나 패널로 구성되었는지 여부와 관계없이 포함한다), 발광다이오드[(엘이디), 다른 발광다이오드와 결합되었는지 여부과 관계없이 포함한다], 장착된 압전기 결정소자",17687752,127216,3145,14301,112914
"2023-03","미국","8542","전자집적회로",24114,72001,11602,143855,-71854
"2023-03","인도","8541","반도체 디바이스(예: 다이오드ㆍ트랜지스터ㆍ반도체 기반 트랜스듀서), 감광성 반도체 디바이스(광전지는 모듈에 조립되었거나 패널로 구성되었는지 여부와 관계없이 포함한다), 발광다이오드[(엘이디), 다른 발광다이오드와 결합되었는지 여부과 관계없이 포함한다], 장착된 압전기 결정소자",48883,3968,148,89,3879
"2023-03","인도","8542","전자집적회로",25304,246798,111,121,246678
"2023-03","일본","8541","반도체 디바이스(예: 다이오드ㆍ트랜지스터ㆍ반도체 기반 트랜스듀서), 감광성 반도체 디바이스(광전지는 모듈에 조립되었거나 패널로 구성되었는지 여부와 관계없이 포함한다), 발광다이오드[(엘이디), 다른 발광다이오드와 결합되었는지 여부과 관계없이 포함한다], 장착된 압전기 결정소자",38441,11161,57839,160389,-149227
"2023-03","일본","8542","전자집적회로",21860,155409,48355,340482,-185073
"2023-03","중국","8541","반도체 디바이스(예: 다이오드ㆍ트랜지스터ㆍ반도체 기반 트랜스듀서), 감광성 반도체 디바이스(광전지는 모듈에 조립되었거나 패널로 구성되었는지 여부와 관계없이 포함한다), 발광다이오드[(엘이디), 다른 발광다이오드와 결합되었는지 여부과 관계없이 포함한다], 장착된 압전기 결정소자",202193,90226,8393103,142566,-52339
"2023-03","중국","8542","전자집적회로",377463,2567429,270150,1510388,1057041
"2023-04","대만","8541","반도체 디바이스(예: 다이오드ㆍ트랜지스터ㆍ반도체 기반 트랜스듀서), 감광성 반도체 디바이스(광전지는 모듈에 조립되었거나 패널로 구성되었는지 여부와 관계없이 포함한다), 발광다이오드[(엘이디), 다른 발광다이오드와 결합되었는지 여부과 관계없이 포함한다], 장착된 압전기 결정소자",5602,3509,55440,40107,-36598
"2023-04","대만","8542","전자집적회로",183920,604079,154917,1322469,-718390
"2023-04","러시아 연방","8541","반도체 디바이스(예: 다이오드ㆍ트랜지스터ㆍ반도체 기반 트랜스듀서), 감광성 반도체 디바이스(광전지는 모듈에 조립되었거나 패널로 구성되었는지 여부와 관계없이 포함한다), 발광다이오드[(엘이디), 다른 발광다이오드와 결합되었는지 여부과 관계없이 포함한다], 장착된 압전기 결정소자",652,148,1209,148,0
"2023-04","러시아 연방","8542","전자집적회로",598,135,1,31,105
"2023-04","미국","8541","반도체 디바이스(예: 다이오드ㆍ트랜지스터ㆍ반도체 기반 트랜스듀서), 감광성 반도체 디바이스(광전지는 모듈에 조립되었거나 패널로 구성되었는지 여부와 관계없이 포함한다), 발광다이오드[(엘이디), 다른 발광다이오드와 결합되었는지 여부과 관계없이 포함한다], 장착된 압전기 결정소자",13905380,96402,4603,10524,85879
"2023-04","미국","8542","전자집적회로",18901,52829,12597,169189,-116360
"2023-04","인도","8541","반도체 디바이스(예: 다이오드ㆍ트랜지스터ㆍ반도체 기반 트랜스듀서), 감광성 반도체 디바이스(광전지는 모듈에 조립되었거나 패널로 구성되었는지 여부와 관계없이 포함한다), 발광다이오드[(엘이디), 다른 발광다이오드와 결합되었는지 여부과 관계없이 포함한다], 장착된 압전기 결정소자",17230,2885,1015,661,2224
"2023-04","인도","8542","전자집적회로",18984,78912,102,77,78835
"2023-04","일본","8541","반도체 디바이스(예: 다이오드ㆍ트랜지스터ㆍ반도체 기반 트랜스듀서), 감광성 반도체 디바이스(광전지는 모듈에 조립되었거나 패널로 구성되었는지 여부와 관계없이 포함한다), 발광다이오드[(엘이디), 다른 발광다이오드와 결합되었는지 여부과 관계없이 포함한다], 장착된 압전기 결정소자",62623,11925,41070,115941,-104016
"2023-04","일본","8542","전자집적회로",15215,54542,44486,333437,-278895
"2023-04","중국","8541","반도체 디바이스(예: 다이오드ㆍ트랜지스터ㆍ반도체 기반 트랜스듀서), 감광성 반도체 디바이스(광전지는 모듈에 조립되었거나 패널로 구성되었는지 여부와 관계없이 포함한다), 발광다이오드[(엘이디), 다른 발광다이오드와 결합되었는지 여부과 관계없이 포함한다], 장착된 압전기 결정소자",186482,79329,10199584,144151,-64823
"2023-04","중국","8542","전자집적회로",406137,2536151,276742,1234511,1301640
"2023-05","대만","8541","반도체 디바이스(예: 다이오드ㆍ트랜지스터ㆍ반도체 기반 트랜스듀서), 감광성 반도체 디바이스(광전지는 모듈에 조립되었거나 패널로 구성되었는지 여부와 관계없이 포함한다), 발광다이오드[(엘이디), 다른 발광다이오드와 결합되었는지 여부과 관계없이 포함한다], 장착된 압전기 결정소자",6369,2934,61753,49070,-46136
"2023-05","대만","8542","전자집적회로",185921,653854,168537,1506376,-852522
"2023-05","러시아 연방","8541","반도체 디바이스(예: 다이오드ㆍ트랜지스터ㆍ반도체 기반 트랜스듀서), 감광성 반도체 디바이스(광전지는 모듈에 조립되었거나 패널로 구성되었는지 여부와 관계없이 포함한다), 발광다이오드[(엘이디), 다른 발광다이오드와 결합되었는지 여부과 관계없이 포함한다], 장착된 압전기 결정소자",182,49,428,126,-77
"2023-05","러시아 연방","8542","전자집적회로",8,18,1,5,14
"2023-05","미국","8541","반도체 디바이스(예: 다이오드ㆍ트랜지스터ㆍ반도체 기반 트랜스듀서), 감광성 반도체 디바이스(광전지는 모듈에 조립되었거나 패널로 구성되었는지 여부와 관계없이 포함한다), 발광다이오드[(엘이디), 다른 발광다이오드와 결합되었는지 여부과 관계없이 포함한다], 장착된 압전기 결정소자",15208110,104789,2930,10922,93868
"2023-05","미국","8542","전자집적회로",22939,82386,14825,199991,-117606
"2023-05","인도","8541","반도체 디바이스(예: 다이오드ㆍ트랜지스터ㆍ반도체 기반 트랜스듀서), 감광성 반도체 디바이스(광전지는 모듈에 조립되었거나 패널로 구성되었는지 여부와 관계없이 포함한다), 발광다이오드[(엘이디), 다른 발광다이오드와 결합되었는지 여부과 관계없이 포함한다], 장착된 압전기 결정소자",23202,2441,382,347,2094
"2023-05","인도","8542","전자집적회로",16848,105057,196,273,104784
"2023-05","일본","8541","반도체 디바이스(예: 다이오드ㆍ트랜지스터ㆍ반도체 기반 트랜스듀서), 감광성 반도체 디바이스(광전지는 모듈에 조립되었거나 패널로 구성되었는지 여부와 관계없이 포함한다), 발광다이오드[(엘이디), 다른 발광다이오드와 결합되었는지 여부과 관계없이 포함한다], 장착된 압전기 결정소자",44933,10680,57648,98981,-88301
"2023-05","일본","8542","전자집적회로",22792,139643,37957,259990,-120347
"2023-05","중국","8541","반도체 디바이스(예: 다이오드ㆍ트랜지스터ㆍ반도체 기반 트랜스듀서), 감광성 반도체 디바이스(광전지는 모듈에 조립되었거나 패널로 구성되었는지 여부와 관계없이 포함한다), 발광다이오드[(엘이디), 다른 발광다이오드와 결합되었는지 여부과 관계없이 포함한다], 장착된 압전기 결정소자",316631,75033,8943087,144635,-69602
"2023-05","중국","8542","전자집적회로",375034,2716824,269111,1512619,1204205
"2023-06","대만","8541","반도체 디바이스(예: 다이오드ㆍ트랜지스터ㆍ반도체 기반 트랜스듀서), 감광성 반도체 디바이스(광전지는 모듈에 조립되었거나 패널로 구성되었는지 여부와 관계없이 포함한다), 발광다이오드[(엘이디), 다른 발광다이오드와 결합되었는지 여부과 관계없이 포함한다], 장착된 압전기 결정소자",6437,3497,56651,38782,-35285
"2023-06","대만","8542","전자집적회로",177077,901304,157097,1324311,-423007
"2023-06","러시아 연방","8541","반도체 디바이스(예: 다이오드ㆍ트랜지스터ㆍ반도체 기반 트랜스듀서), 감광성 반도체 디바이스(광전지는 모듈에 조립되었거나 패널로 구성되었는지 여부와 관계없이 포함한다), 발광다이오드[(엘이디), 다른 발광다이오드와 결합되었는지 여부과 관계없이 포함한다], 장착된 압전기 결정소자",43,33,106,51,-18
"2023-06","러시아 연방","8542","전자집적회로",0,0,1,3,-3
"2023-06","미국","8541","반도체 디바이스(예: 다이오드ㆍ트랜지스터ㆍ반도체 기반 트랜스듀서), 감광성 반도체 디바이스(광전지는 모듈에 조립되었거나 패널로 구성되었는지 여부와 관계없이 포함한다), 발광다이오드[(엘이디), 다른 발광다이오드와 결합되었는지 여부과 관계없이 포함한다], 장착된 압전기 결정소자",16337591,108289,2368,14962,93327
"2023-06","미국","8542","전자집적회로",20321,63971,15805,200038,-136067
"2023-06","인도","8541","반도체 디바이스(예: 다이오드ㆍ트랜지스터ㆍ반도체 기반 트랜스듀서), 감광성 반도체 디바이스(광전지는 모듈에 조립되었거나 패널로 구성되었는지 여부와 관계없이 포함한다), 발광다이오드[(엘이디), 다른 발광다이오드와 결합되었는지 여부과 관계없이 포함한다], 장착된 압전기 결정소자",32370,3773,213,58,3715
"2023-06","인도","8542","전자집적회로",22489,170698,96,79,170619
"2023-06","일본","8541","반도체 디바이스(예: 다이오드ㆍ트랜지스터ㆍ반도체 기반 트랜스듀서), 감광성 반도체 디바이스(광전지는 모듈에 조립되었거나 패널로 구성되었는지 여부와 관계없이 포함한다), 발광다이오드[(엘이디), 다른 발광다이오드와 결합되었는지 여부과 관계없이 포함한다], 장착된 압전기 결정소자",42753,11259,56068,164509,-153250
"2023-06","일본","8542","전자집적회로",25977,108384,49964,522772,-414387
"2023-06","중국","8541","반도체 디바이스(예: 다이오드ㆍ트랜지스터ㆍ반도체 기반 트랜스듀서), 감광성 반도체 디바이스(광전지는 모듈에 조립되었거나 패널로 구성되었는지 여부와 관계없이 포함한다), 발광다이오드[(엘이디), 다른 발광다이오드와 결합되었는지 여부과 관계없이 포함한다], 장착된 압전기 결정소자",230294,84358,10833486,162115,-77757
"2023-06","중국","8542","전자집적회로",422150,2916877,276135,1409341,1507536
"2023-07","대만","8541","반도체 디바이스(예: 다이오드ㆍ트랜지스터ㆍ반도체 기반 트랜스듀서), 감광성 반도체 디바이스(광전지는 모듈에 조립되었거나 패널로 구성되었는지 여부와 관계없이 포함한다), 발광다이오드[(엘이디), 다른 발광다이오드와 결합되었는지 여부과 관계없이 포함한다], 장착된 압전기 결정소자",6321,3097,49257,36656,-33559
"2023-07","대만","8542","전자집적회로",159265,640172,164059,1499512,-859340
"2023-07","러시아 연방","8541","반도체 디바이스(예: 다이오드ㆍ트랜지스터ㆍ반도체 기반 트랜스듀서), 감광성 반도체 디바이스(광전지는 모듈에 조립되었거나 패널로 구성되었는지 여부와 관계없이 포함한다), 발광다이오드[(엘이디), 다른 발광다이오드와 결합되었는지 여부과 관계없이 포함한다], 장착된 압전기 결정소자",1,0,80,33,-33
"2023-07","러시아 연방","8542","전자집적회로",0,0,0,0,0
"2023-07","미국","8541","반도체 디바이스(예: 다이오드ㆍ트랜지스터ㆍ반도체 기반 트랜스듀서), 감광성 반도체 디바이스(광전지는 모듈에 조립되었거나 패널로 구성되었는지 여부와 관계없이 포함한다), 발광다이오드[(엘이디), 다른 발광다이오드와 결합되었는지 여부과 관계없이 포함한다], 장착된 압전기 결정소자",18123049,119299,2264,11947,107352
"2023-07","미국","8542","전자집적회로",21770,68215,16919,214304,-146089
"2023-07","인도","8541","반도체 디바이스(예: 다이오드ㆍ트랜지스터ㆍ반도체 기반 트랜스듀서), 감광성 반도체 디바이스(광전지는 모듈에 조립되었거나 패널로 구성되었는지 여부와 관계없이 포함한다), 발광다이오드[(엘이디), 다른 발광다이오드와 결합되었는지 여부과 관계없이 포함한다], 장착된 압전기 결정소자",21185,3940,230,125,3814
"2023-07","인도","8542","전자집적회로",20302,131791,187,350,131441
"2023-07","일본","8541","반도체 디바이스(예: 다이오드ㆍ트랜지스터ㆍ반도체 기반 트랜스듀서), 감광성 반도체 디바이스(광전지는 모듈에 조립되었거나 패널로 구성되었는지 여부와 관계없이 포함한다), 발광다이오드[(엘이디), 다른 발광다이오드와 결합되었는지 여부과 관계없이 포함한다], 장착된 압전기 결정소자",42914,10199,64135,84234,-74036
"2023-07","일본","8542","전자집적회로",26812,178141,47205,369101,-190960
"2023-07","중국","8541","반도체 디바이스(예: 다이오드ㆍ트랜지스터ㆍ반도체 기반 트랜스듀서), 감광성 반도체 디바이스(광전지는 모듈에 조립되었거나 패널로 구성되었는지 여부와 관계없이 포함한다), 발광다이오드[(엘이디), 다른 발광다이오드와 결합되었는지 여부과 관계없이 포함한다], 장착된 압전기 결정소자",168137,102862,10879343,156888,-54026
"2023-07","중국","8542","전자집적회로",373107,2722036,263603,1374104,1347933
"2023-08","대만","8541","반도체 디바이스(예: 다이오드ㆍ트랜지스터ㆍ반도체 기반 트랜스듀서), 감광성 반도체 디바이스(광전지는 모듈에 조립되었거나 패널로 구성되었는지 여부와 관계없이 포함한다), 발광다이오드[(엘이디), 다른 발광다이오드와 결합되었는지 여부과 관계없이 포함한다], 장착된 압전기 결정소자",6056,3297,48768,48203,-44906
"2023-08","대만","8542","전자집적회로",180395,838644,159795,1536463,-697820
"2023-08","러시아 연방","8541","반도체 디바이스(예: 다이오드ㆍ트랜지스터ㆍ반도체 기반 트랜스듀서), 감광성 반도체 디바이스(광전지는 모듈에 조립되었거나 패널로 구성되었는지 여부와 관계없이 포함한다), 발광다이오드[(엘이디), 다른 발광다이오드와 결합되었는지 여부과 관계없이 포함한다], 장착된 압전기 결정소자",16,37,67,25,12
"2023-08","미국","8541","반도체 디바이스(예: 다이오드ㆍ트랜지스터ㆍ반도체 기반 트랜스듀서), 감광성 반도체 디바이스(광전지는 모듈에 조립되었거나 패널로 구성되었는지 여부와 관계없이 포함한다), 발광다이오드[(엘이디), 다른 발광다이오드와 결합되었는지 여부과 관계없이 포함한다], 장착된 압전기 결정소자",14596786,92798,2931,20769,72029
"2023-08","미국","8542","전자집적회로",25461,85567,17547,232393,-146826
"2023-08","인도","8541","반도체 디바이스(예: 다이오드ㆍ트랜지스터ㆍ반도체 기반 트랜스듀서), 감광성 반도체 디바이스(광전지는 모듈에 조립되었거나 패널로 구성되었는지 여부와 관계없이 포함한다), 발광다이오드[(엘이디), 다른 발광다이오드와 결합되었는지 여부과 관계없이 포함한다], 장착된 압전기 결정소자",26706,3532,201,99,3433
"2023-08","인도","8542","전자집적회로",28192,204838,418,135,204703
"2023-08","일본","8541","반도체 디바이스(예: 다이오드ㆍ트랜지스터ㆍ반도체 기반 트랜스듀서), 감광성 반도체 디바이스(광전지는 모듈에 조립되었거나 패널로 구성되었는지 여부와 관계없이 포함한다), 발광다이오드[(엘이디), 다른 발광다이오드와 결합되었는지 여부과 관계없이 포함한다], 장착된 압전기 결정소자",73089,8798,40300,109180,-100382
"2023-08","일본","8542","전자집적회로",22043,98704,44862,465164,-366460
"2023-08","중국","8541","반도체 디바이스(예: 다이오드ㆍ트랜지스터ㆍ반도체 기반 트랜스듀서), 감광성 반도체 디바이스(광전지는 모듈에 조립되었거나 패널로 구성되었는지 여부와 관계없이 포함한다), 발광다이오드[(엘이디), 다른 발광다이오드와 결합되었는지 여부과 관계없이 포함한다], 장착된 압전기 결정소자",140908,77606,8742668,144337,-66730
"2023-08","중국","8542","전자집적회로",392236,2854166,230966,1282079,1572088
"2023-09","대만","8541","반도체 디바이스(예: 다이오드ㆍ트랜지스터ㆍ반도체 기반 트랜스듀서), 감광성 반도체 디바이스(광전지는 모듈에 조립되었거나 패널로 구성되었는지 여부와 관계없이 포함한다), 발광다이오드[(엘이디), 다른 발광다이오드와 결합되었는지 여부과 관계없이 포함한다], 장착된 압전기 결정소자",7597,3764,51408,40540,-36776
"2023-09","대만","8542","전자집적회로",215863,1146291,152103,1421572,-275281
"2023-09","러시아 연방","8541","반도체 디바이스(예: 다이오드ㆍ트랜지스터ㆍ반도체 기반 트랜스듀서), 감광성 반도체 디바이스(광전지는 모듈에 조립되었거나 패널로 구성되었는지 여부와 관계없이 포함한다), 발광다이오드[(엘이디), 다른 발광다이오드와 결합되었는지 여부과 관계없이 포함한다], 장착된 압전기 결정소자",22,24,1055,134,-110
"2023-09","미국","8541","반도체 디바이스(예: 다이오드ㆍ트랜지스터ㆍ반도체 기반 트랜스듀서), 감광성 반도체 디바이스(광전지는 모듈에 조립되었거나 패널로 구성되었는지 여부와 관계없이 포함한다), 발광다이오드[(엘이디), 다른 발광다이오드와 결합되었는지 여부과 관계없이 포함한다], 장착된 압전기 결정소자",13064981,67107,4116,18744,48363
"2023-09","미국","8542","전자집적회로",17308,49120,19399,269302,-220182
"2023-09","인도","8541","반도체 디바이스(예: 다이오드ㆍ트랜지스터ㆍ반도체 기반 트랜스듀서), 감광성 반도체 디바이스(광전지는 모듈에 조립되었거나 패널로 구성되었는지 여부와 관계없이 포함한다), 발광다이오드[(엘이디), 다른 발광다이오드와 결합되었는지 여부과 관계없이 포함한다], 장착된 압전기 결정소자",18447,2760,2198,193,2567
"2023-09","인도","8542","전자집적회로",23843,195822,208,145,195677
"2023-09","일본","8541","반도체 디바이스(예: 다이오드ㆍ트랜지스터ㆍ반도체 기반 트랜스듀서), 감광성 반도체 디바이스(광전지는 모듈에 조립되었거나 패널로 구성되었는지 여부와 관계없이 포함한다), 발광다이오드[(엘이디), 다른 발광다이오드와 결합되었는지 여부과 관계없이 포함한다], 장착된 압전기 결정소자",145070,9242,43535,128381,-119139
"2023-09","일본","8542","전자집적회로",19871,69256,39099,411212,-341956
"2023-09","중국","8541","반도체 디바이스(예: 다이오드ㆍ트랜지스터ㆍ반도체 기반 트랜스듀서), 감광성 반도체 디바이스(광전지는 모듈에 조립되었거나 패널로 구성되었는지 여부와 관계없이 포함한다), 발광다이오드[(엘이디), 다른 발광다이오드와 결합되었는지 여부과 관계없이 포함한다], 장착된 압전기 결정소자",117241,74653,12506307,149634,-74981
"2023-09","중국","8542","전자집적회로",387268,2973555,242483,1315703,1657852
"2023-10","대만","8541","반도체 디바이스(예: 다이오드ㆍ트랜지스터ㆍ반도체 기반 트랜스듀서), 감광성 반도체 디바이스(광전지는 모듈에 조립되었거나 패널로 구성되었는지 여부와 관계없이 포함한다), 발광다이오드[(엘이디), 다른 발광다이오드와 결합되었는지 여부과 관계없이 포함한다], 장착된 압전기 결정소자",6174,3206,48027,43879,-40673
"2023-10","대만","8542","전자집적회로",189798,805059,170395,1489823,-684765
"2023-10","러시아 연방","8541","반도체 디바이스(예: 다이오드ㆍ트랜지스터ㆍ반도체 기반 트랜스듀서), 감광성 반도체 디바이스(광전지는 모듈에 조립되었거나 패널로 구성되었는지 여부와 관계없이 포함한다), 발광다이오드[(엘이디), 다른 발광다이오드와 결합되었는지 여부과 관계없이 포함한다], 장착된 압전기 결정소자",14,36,229,81,-45
"2023-10","미국","8541","반도체 디바이스(예: 다이오드ㆍ트랜지스터ㆍ반도체 기반 트랜스듀서), 감광성 반도체 디바이스(광전지는 모듈에 조립되었거나 패널로 구성되었는지 여부와 관계없이 포함한다), 발광다이오드[(엘이디), 다른 발광다이오드와 결합되었는지 여부과 관계없이 포함한다], 장착된 압전기 결정소자",7628229,60223,3227,16902,43321
"2023-10","미국","8542","전자집적회로",13068,39904,20610,283632,-243729
"2023-10","인도","8541","반도체 디바이스(예: 다이오드ㆍ트랜지스터ㆍ반도체 기반 트랜스듀서), 감광성 반도체 디바이스(광전지는 모듈에 조립되었거나 패널로 구성되었는지 여부와 관계없이 포함한다), 발광다이오드[(엘이디), 다른 발광다이오드와 결합되었는지 여부과 관계없이 포함한다], 장착된 압전기 결정소자",19906,3643,458,555,3087
"2023-10","인도","8542","전자집적회로",25075,158275,25,72,158203
"2023-10","일본","8541","반도체 디바이스(예: 다이오드ㆍ트랜지스터ㆍ반도체 기반 트랜스듀서), 감광성 반도체 디바이스(광전지는 모듈에 조립되었거나 패널로 구성되었는지 여부와 관계없이 포함한다), 발광다이오드[(엘이디), 다른 발광다이오드와 결합되었는지 여부과 관계없이 포함한다], 장착된 압전기 결정소자",175048,9195,75899,171900,-162705
"2023-10","일본","8542","전자집적회로",22967,69233,42207,476809,-407576
"2023-10","중국","8541","반도체 디바이스(예: 다이오드ㆍ트랜지스터ㆍ반도체 기반 트랜스듀서), 감광성 반도체 디바이스(광전지는 모듈에 조립되었거나 패널로 구성되었는지 여부와 관계없이 포함한다), 발광다이오드[(엘이디), 다른 발광다이오드와 결합되었는지 여부과 관계없이 포함한다], 장착된 압전기 결정소자",149019,92742,12888455,152550,-59808
"2023-10","중국","8542","전자집적회로",386978,3012335,265253,1460424,1551911
"2023-11","대만","8541","반도체 디바이스(예: 다이오드ㆍ트랜지스터ㆍ반도체 기반 트랜스듀서), 감광성 반도체 디바이스(광전지는 모듈에 조립되었거나 패널로 구성되었는지 여부와 관계없이 포함한다), 발광다이오드[(엘이디), 다른 발광다이오드와 결합되었는지 여부과 관계없이 포함한다], 장착된 압전기 결정소자",8384,3570,43787,38472,-34902
"2023-11","대만","8542","전자집적회로",188386,725488,155100,1432118,-706630
"2023-11","러시아 연방","8541","반도체 디바이스(예: 다이오드ㆍ트랜지스터ㆍ반도체 기반 트랜스듀서), 감광성 반도체 디바이스(광전지는 모듈에 조립되었거나 패널로 구성되었는지 여부와 관계없이 포함한다), 발광다이오드[(엘이디), 다른 발광다이오드와 결합되었는지 여부과 관계없이 포함한다], 장착된 압전기 결정소자",0,0,293,162,-162
"2023-11","미국","8541","반도체 디바이스(예: 다이오드ㆍ트랜지스터ㆍ반도체 기반 트랜스듀서), 감광성 반도체 디바이스(광전지는 모듈에 조립되었거나 패널로 구성되었는지 여부와 관계없이 포함한다), 발광다이오드[(엘이디), 다른 발광다이오드와 결합되었는지 여부과 관계없이 포함한다], 장착된 압전기 결정소자",9891743,59348,2299,16937,42411
"2023-11","미국","8542","전자집적회로",17315,43807,18693,218098,-174291
"2023-11","인도","8541","반도체 디바이스(예: 다이오드ㆍ트랜지스터ㆍ반도체 기반 트랜스듀서), 감광성 반도체 디바이스(광전지는 모듈에 조립되었거나 패널로 구성되었는지 여부와 관계없이 포함한다), 발광다이오드[(엘이디), 다른 발광다이오드와 결합되었는지 여부과 관계없이 포함한다], 장착된 압전기 결정소자",25035,3583,908,124,3460
"2023-11","인도","8542","전자집적회로",24739,125983,195,588,125395
"2023-11","일본","8541","반도체 디바이스(예: 다이오드ㆍ트랜지스터ㆍ반도체 기반 트랜스듀서), 감광성 반도체 디바이스(광전지는 모듈에 조립되었거나 패널로 구성되었는지 여부와 관계없이 포함한다), 발광다이오드[(엘이디), 다른 발광다이오드와 결합되었는지 여부과 관계없이 포함한다], 장착된 압전기 결정소자",51817,8761,50841,138235,-129474
"2023-11","일본","8542","전자집적회로",19101,62204,40878,467637,-405434
"2023-11","중국","8541","반도체 디바이스(예: 다이오드ㆍ트랜지스터ㆍ반도체 기반 트랜스듀서), 감광성 반도체 디바이스(광전지는 모듈에 조립되었거나 패널로 구성되었는지 여부와 관계없이 포함한다), 발광다이오드[(엘이디), 다른 발광다이오드와 결합되었는지 여부과 관계없이 포함한다], 장착된 압전기 결정소자",330495,107609,14030116,153388,-45779
"2023-11","중국","8542","전자집적회로",373845,3135419,256514,1356465,1778954
"2023-12","대만","8541","반도체 디바이스(예: 다이오드ㆍ트랜지스터ㆍ반도체 기반 트랜스듀서), 감광성 반도체 디바이스(광전지는 모듈에 조립되었거나 패널로 구성되었는지 여부와 관계없이 포함한다), 발광다이오드[(엘이디), 다른 발광다이오드와 결합되었는지 여부과 관계없이 포함한다], 장착된 압전기 결정소자",5464,3488,41651,33267,-29780
"2023-12","대만","8542","전자집적회로",189065,1022934,152659,1414801,-391867
"2023-12","러시아 연방","8541","반도체 디바이스(예: 다이오드ㆍ트랜지스터ㆍ반도체 기반 트랜스듀서), 감광성 반도체 디바이스(광전지는 모듈에 조립되었거나 패널로 구성되었는지 여부와 관계없이 포함한다), 발광다이오드[(엘이디), 다른 발광다이오드와 결합되었는지 여부과 관계없이 포함한다], 장착된 압전기 결정소자",0,0,40,23,-23
"2023-12","미국","8541","반도체 디바이스(예: 다이오드ㆍ트랜지스터ㆍ반도체 기반 트랜스듀서), 감광성 반도체 디바이스(광전지는 모듈에 조립되었거나 패널로 구성되었는지 여부와 관계없이 포함한다), 발광다이오드[(엘이디), 다른 발광다이오드와 결합되었는지 여부과 관계없이 포함한다], 장착된 압전기 결정소자",7886771,50887,2369,7261,43626
"2023-12","미국","8542","전자집적회로",23749,46133,17263,205914,-159780
"2023-12","인도","8541","반도체 디바이스(예: 다이오드ㆍ트랜지스터ㆍ반도체 기반 트랜스듀서), 감광성 반도체 디바이스(광전지는 모듈에 조립되었거나 패널로 구성되었는지 여부와 관계없이 포함한다), 발광다이오드[(엘이디), 다른 발광다이오드와 결합되었는지 여부과 관계없이 포함한다], 장착된 압전기 결정소자",23173,3263,621,56,3208
"2023-12","인도","8542","전자집적회로",24388,227096,177,854,226242
"2023-12","일본","8541","반도체 디바이스(예: 다이오드ㆍ트랜지스터ㆍ반도체 기반 트랜스듀서), 감광성 반도체 디바이스(광전지는 모듈에 조립되었거나 패널로 구성되었는지 여부와 관계없이 포함한다), 발광다이오드[(엘이디), 다른 발광다이오드와 결합되었는지 여부과 관계없이 포함한다], 장착된 압전기 결정소자",35613,9360,111002,162310,-152950
"2023-12","일본","8542","전자집적회로",15126,78465,41812,412567,-334102
"2023-12","중국","8541","반도체 디바이스(예: 다이오드ㆍ트랜지스터ㆍ반도체 기반 트랜스듀서), 감광성 반도체 디바이스(광전지는 모듈에 조립되었거나 패널로 구성되었는지 여부와 관계없이 포함한다), 발광다이오드[(엘이디), 다른 발광다이오드와 결합되었는지 여부과 관계없이 포함한다], 장착된 압전기 결정소자",181015,87614,17472491,250364,-162750
"2023-12","중국","8542","전자집적회로",370955,3003377,240839,1432441,1570936